This list contains list of contributors to the sddm. Names are sorted by number
of commits at time of this writing. Commit data has been generated using:

git shortlog -s -e -n

Commit counts have ben removed, since they change pretty frequently. Some of the
the committer names and email addresses have changed, so we use .mailmap file to
merge them.

Abdurrahman AVCI <abdurrahmanavci@gmail.com>
Pier Luigi Fiorini <pierluigi.fiorini@gmail.com>
Nikita Mikhailov <nslqqq@gmail.com>
David Edmundson <kde@davidedmundson.co.uk>
Martin Briza <mbriza@redhat.com>
Jerome Leclanche <jerome@leclan.ch>
AnAkkk <anakin.cs@gmail.com>
Christopher Roy Bratusek <nano@tuxfamily.org>
Andrea Scarpino <me@andreascarpino.it>
Reza Fatahilah Shah <rshah0385@kireihana.com>
Aaron Seigo <aseigo@kde.org>
Nathan Weber <supernathansunshine@gmail.com>
Elias Probst <mail@eliasprobst.eu>
Richard Martin <radiosity@gmail.com>
Leonardo <leonardo.guilherme@gmail.com>
Yury G. Kudryashov <urkud.urkud@gmail.com>
Alberto Milone <alberto.milone@canonical.com>
Isaque Galdino <igaldino@gmail.com>
Kuzma Shapran <kuzma.shapran@gmail.com>
František Zatloukal <Zatloukal.Frantisek@gmail.com>
Generator <american.jesus.pt@gmail.com>
Jonathan Marten <jjm@keelhaul.me.uk>
Jonathan Riddell <jr@jriddell.org>
José Pedro Arvela <jparvela@gmail.com>
Kevin Funk <kfunk@kde.org>
Matthew Dawson <matthew@mjdsystems.ca>
Mika Kobayashi <mika@p4d.co.jp>
Nikolay Amiantov <ab@fmap.me>
leuqarte <leuqarte@users.noreply.github.com>
raven700 <raven700@o2.pl>
Alexander Potashev <aspotashev@gmail.com>
Andreas Müller <schnitzeltony@googlemail.com>
Andreas Sturmlechner <andreas.sturmlechner@gmail.com>
Arthur Țițeică <arthur@psw.ro>
B. Jacquot <bastien.jacquot@univ-reims.fr>
Baurzhan Muftakhidinov <baurthefirst@gmail.com>
Benjamin Chrétien <chretien@lirmm.fr>
Cochise César <cochisecesar@gmail.com>
David Heidelberger <david.heidelberger@ixit.cz>
Dāvis <davispuh@gmail.com>
Eric Koegel <eric.koegel@gmail.com>
Gabriel Martinez <reitaka@gmail.com>
Harald Sitter <sitter@kde.org>
HarveyMittens <teknocratdefunct@riseup.net>
Jiachen Yang <farseerfc@gmail.com>
Jon Eyolfson <jon@eyl.io>
Lasse Liehu <lasse.liehu@gmail.com>
Ludger Krämer <dbluelle@blau-weissoedingen.de>
Mario Young <maye.co@gmail.com>
Mathieu Jobin <mathieu@justbudget.com>
Petr Vanek <petr@scribus.info>
Robert Xu <robxu9@gmail.com>
Rohan Garg <rohan@kde.org>
SafaAlfulaij <safaalfulaij@hotmail.com>
Shinjo Park <peremen@gmail.com>
Simon Clemente <simon_clemente@yahoo.com>
Sérgio Marques <smarquespt@gmail.com>
Takahiro Hashimoto <kenya888@gmail.com>
Volkan Gezer <wakeup@users.noreply.github.com>
Volodymyr Medvid <vmmedvid@gmail.com>
ZH <zhhhhz@zoho.com>
Zach Ploskey <zach@ploskey.com>
a.k.a. Harvey <teknocratdefunct@riseup.net>
akmc <liudas@akmc.lt>
alien999999999 <alien@rmail.be>
mortein79 <mortein79@gmail.com>
mscherer <misc@zarb.org>
raffarti <raffarti@zoho.com>
w41l <walecha99@gmail.com>
